2023-09-08 14:10:39.701120	https://www.encodeproject.org/cart-report/?type=Experiment&cart=%2Fcarts%2F630d9492-256c-4f43-a98c-f2bc2b5d0c15%2F&limit=all
ID	Accession	Assay name	Assay title	Biosample classification	Target	Target of assay	Target gene symbol	Biosample summary	Biosample term name	Dbxrefs	Description	Lab	Project	Status	Files	Related series	Biosample accession	Biological replicate	Technical replicate	Linked antibody	Organism	Life stage	Biosample age	Biosample treatment	Biosample treatment ontology ID	Biosample treatment amount	Biosample treatment amount units	Biosample treatment duration	Biosample treatment duration units	Synchronization	Post-synchronization time	Post-synchronization time units	Biosample modification site target organism	Biosample modification site introduced gene organism	Replicates	Mixed biosamples	Cellular component	Library construction platform	Library construction method
/experiments/ENCSR000BNI/	ENCSR000BNI	ChIP-seq	TF ChIP-seq	cell line	/targets/FOXA2-human/	FOXA2	FOXA2	Homo sapiens HepG2	HepG2	GEO:GSM803403,UCSC-ENCODE-hg19:wgEncodeEH001650,FactorBook:ENCSR000BNI	FOXA2 ChIP-seq protocol v041610.1 on human HepG2	Richard Myers, HAIB	ENCODE	released	/files/ENCFF000PIG/,/files/ENCFF000PIH/,/files/ENCFF000PII/,/files/ENCFF000PIK/,/files/ENCFF000PIL/,/files/ENCFF000PIN/,/files/ENCFF000PIT/,/files/ENCFF000PIX/,/files/ENCFF001UFY/,/files/ENCFF001UFZ/,/files/ENCFF002CKK/,/files/ENCFF601TBX/,/files/ENCFF753YDG/,/files/ENCFF576IPP/,/files/ENCFF933ITF/,/files/ENCFF078CHP/,/files/ENCFF649KHR/,/files/ENCFF771TCH/,/files/ENCFF194PQZ/,/files/ENCFF134QDF/,/files/ENCFF504PVA/,/files/ENCFF129HNH/,/files/ENCFF561BPO/,/files/ENCFF511UEV/,/files/ENCFF108WYP/,/files/ENCFF888KEW/,/files/ENCFF626IVY/,/files/ENCFF069BYU/,/files/ENCFF400VLN/,/files/ENCFF437IJR/,/files/ENCFF190ZUF/,/files/ENCFF184NAC/,/files/ENCFF246NLC/,/files/ENCFF010NID/,/files/ENCFF829SRC/,/files/ENCFF362WNO/,/files/ENCFF550ZLT/,/files/ENCFF058RHW/,/files/ENCFF850ZXW/,/files/ENCFF320WZQ/,/files/ENCFF638XLJ/,/files/ENCFF989CEA/,/files/ENCFF379JAQ/,/files/ENCFF782XTI/,/files/ENCFF332SLC/,/files/ENCFF367JCR/,/files/ENCFF408WIH/,/files/ENCFF767MET/,/files/ENCFF024BYK/,/files/ENCFF826PLW/,/files/ENCFF931IXE/,/files/ENCFF002ROJ/,/files/ENCFF195HAA/,/files/ENCFF102TZY/,/files/ENCFF017HBQ/,/files/ENCFF710BOG/,/files/ENCFF322POU/,/files/ENCFF993LBR/,/files/ENCFF302QCS/,/files/ENCFF665JAX/,/files/ENCFF329ZAR/,/files/ENCFF132FFL/,/files/ENCFF104ZPG/,/files/ENCFF759YCY/,/files/ENCFF129HWV/,/files/ENCFF931SCQ/,/files/ENCFF039LAB/,/files/ENCFF115WWB/,/files/ENCFF533COJ/,/files/ENCFF442AIJ/,/files/ENCFF693MTV/,/files/ENCFF477CIQ/,/files/ENCFF936GKV/,/files/ENCFF435SLO/	/experiment-series/ENCSR233GEG/	ENCBS114ENC	1,2	1	ENCAB000AGO	Homo sapiens	child	15 years												/replicates/5d394f4d-363b-4399-9188-a7bfa867b134/,/replicates/31b4cf53-ff06-4b8b-8284-42fcf8b9aec5/				
/experiments/ENCSR000BLS/	ENCSR000BLS	ChIP-seq	TF ChIP-seq	cell line	/targets/RAD21-human/	RAD21	RAD21	Homo sapiens HepG2	HepG2	UCSC-ENCODE-hg19:wgEncodeEH001608,GEO:GSM803517	RAD21 ChIP-seq protocol v041610.1 on human HepG2	Richard Myers, HAIB	ENCODE	released	/files/ENCFF000PNN/,/files/ENCFF000PNO/,/files/ENCFF000PNP/,/files/ENCFF000PNQ/,/files/ENCFF000PNR/,/files/ENCFF000PNS/,/files/ENCFF000PNW/,/files/ENCFF000PNY/,/files/ENCFF001UHG/,/files/ENCFF001UHH/,/files/ENCFF002CKY/,/files/ENCFF873WDR/,/files/ENCFF713OAW/,/files/ENCFF185SAW/,/files/ENCFF918IEO/,/files/ENCFF140VTG/,/files/ENCFF218VYQ/,/files/ENCFF514GQU/,/files/ENCFF875DVJ/,/files/ENCFF977AXY/,/files/ENCFF113AZK/,/files/ENCFF378QKC/,/files/ENCFF470VYV/,/files/ENCFF363QAT/,/files/ENCFF308AJB/,/files/ENCFF871PVZ/,/files/ENCFF802GHT/,/files/ENCFF120TCG/,/files/ENCFF056ARK/,/files/ENCFF288ELU/,/files/ENCFF874VFZ/,/files/ENCFF516YLJ/,/files/ENCFF231IVZ/,/files/ENCFF256RAN/,/files/ENCFF671FGG/,/files/ENCFF670MDR/,/files/ENCFF781OSE/,/files/ENCFF790TVT/,/files/ENCFF241POP/,/files/ENCFF689CPO/,/files/ENCFF176LYO/,/files/ENCFF941EXK/,/files/ENCFF020QWB/,/files/ENCFF222JLX/,/files/ENCFF374LID/,/files/ENCFF415ZQD/,/files/ENCFF874XKY/,/files/ENCFF061QPF/,/files/ENCFF017KNC/,/files/ENCFF069FXT/,/files/ENCFF072UEX/,/files/ENCFF279QUD/,/files/ENCFF241KTS/,/files/ENCFF893BYN/,/files/ENCFF029DFG/,/files/ENCFF913GHN/,/files/ENCFF223ASJ/,/files/ENCFF496SVL/,/files/ENCFF913UQQ/,/files/ENCFF615ZPX/,/files/ENCFF619WCL/,/files/ENCFF972ODZ/,/files/ENCFF040FAT/,/files/ENCFF946XOH/,/files/ENCFF304NRB/,/files/ENCFF724SWQ/,/files/ENCFF813EPH/,/files/ENCFF887BHB/,/files/ENCFF650CTS/,/files/ENCFF477LYL/,/files/ENCFF986ECW/,/files/ENCFF383BPS/,/files/ENCFF695NLK/,/files/ENCFF906QIS/	/experiment-series/ENCSR977WGW/	ENCBS114ENC	1,2	1	ENCAB000AKG	Homo sapiens	child	15 years												/replicates/b5b9a96d-e299-4845-b993-9baa83555fe4/,/replicates/2386bcba-bb99-4c53-94a4-42a7396ed99e/				
/experiments/ENCSR066EBK/	ENCSR066EBK	ChIP-seq	TF ChIP-seq	cell line	/targets/FOXA2-human/	FOXA2	FOXA2	Homo sapiens HepG2	HepG2	GEO:GSE105218,FactorBook:ENCSR066EBK	FOXA2 ChIP-seq on human HepG2	Michael Snyder, Stanford	ENCODE	released	/files/ENCFF035BJT/,/files/ENCFF778EKH/,/files/ENCFF414KXU/,/files/ENCFF015KAY/,/files/ENCFF324BHS/,/files/ENCFF867YPG/,/files/ENCFF501AQI/,/files/ENCFF990BPY/,/files/ENCFF354QYY/,/files/ENCFF239AAR/,/files/ENCFF027HCV/,/files/ENCFF857BOL/,/files/ENCFF789HZR/,/files/ENCFF775MUG/,/files/ENCFF966VDA/,/files/ENCFF558JGW/,/files/ENCFF797KAZ/,/files/ENCFF697SSC/,/files/ENCFF988ZCY/,/files/ENCFF388QTX/,/files/ENCFF019MME/,/files/ENCFF382LEQ/,/files/ENCFF704DME/,/files/ENCFF071FBD/,/files/ENCFF384TVY/,/files/ENCFF325HZC/,/files/ENCFF805ROD/,/files/ENCFF348LLH/,/files/ENCFF510SHE/,/files/ENCFF353KHN/,/files/ENCFF259BJR/,/files/ENCFF591QTU/,/files/ENCFF488MIG/,/files/ENCFF607VNC/,/files/ENCFF516CRP/,/files/ENCFF459HJZ/,/files/ENCFF956WLP/,/files/ENCFF144UTI/,/files/ENCFF911KXR/,/files/ENCFF030NXZ/,/files/ENCFF725EAP/,/files/ENCFF532LNM/,/files/ENCFF736HWN/,/files/ENCFF683KBO/,/files/ENCFF138AWO/,/files/ENCFF532NWB/,/files/ENCFF222ASF/,/files/ENCFF018JVU/,/files/ENCFF595ZCC/,/files/ENCFF570ABM/,/files/ENCFF570KZH/,/files/ENCFF603GUL/,/files/ENCFF601WUN/,/files/ENCFF589WTM/,/files/ENCFF409BNV/,/files/ENCFF621VCV/,/files/ENCFF266ZAE/,/files/ENCFF082QSS/,/files/ENCFF938RAU/,/files/ENCFF084YCX/,/files/ENCFF054MVZ/,/files/ENCFF312DXO/,/files/ENCFF742ODL/,/files/ENCFF807VJJ/,/files/ENCFF466FCB/,/files/ENCFF013APW/	/experiment-series/ENCSR233GEG/	ENCBS716YFX,ENCBS731WFK	2,1	1	ENCAB582DUM	Homo sapiens	child	15 years												/replicates/dc121cf9-2858-4b55-b998-d76aed64d753/,/replicates/7b8b6ea0-2cc3-4526-b685-85f3e6353cc1/				
/experiments/ENCSR000EEC/	ENCSR000EEC	ChIP-seq	TF ChIP-seq	cell line	/targets/MAFF-human/	MAFF	MAFF	Homo sapiens HepG2	HepG2	FactorBook:ENCSR000EEC,UCSC-ENCODE-hg19:wgEncodeEH001841,GEO:GSM935306	MAFF ChIP-seq on human HepG2	Michael Snyder, Stanford	ENCODE	released	/files/ENCFF000XTK/,/files/ENCFF000XTL/,/files/ENCFF000XTM/,/files/ENCFF000XTP/,/files/ENCFF000XTZ/,/files/ENCFF000XUA/,/files/ENCFF001VKJ/,/files/ENCFF002CUG/,/files/ENCFF715UNN/,/files/ENCFF836BQL/,/files/ENCFF851GVD/,/files/ENCFF728VLB/,/files/ENCFF991ICQ/,/files/ENCFF502ALK/,/files/ENCFF711YOB/,/files/ENCFF290LEB/,/files/ENCFF848DMA/,/files/ENCFF035AQY/,/files/ENCFF537VVN/,/files/ENCFF489KDC/,/files/ENCFF774NIT/,/files/ENCFF998ARN/,/files/ENCFF721CND/,/files/ENCFF735OJR/,/files/ENCFF538LGE/,/files/ENCFF300VXA/,/files/ENCFF163JVC/,/files/ENCFF357OHG/,/files/ENCFF273IOC/,/files/ENCFF156WCG/,/files/ENCFF493TIR/,/files/ENCFF530NCV/,/files/ENCFF531TOE/,/files/ENCFF003CWL/,/files/ENCFF550UII/,/files/ENCFF175OAK/,/files/ENCFF721CTA/,/files/ENCFF604OER/,/files/ENCFF675WVK/,/files/ENCFF237PHI/,/files/ENCFF173ZQX/,/files/ENCFF803LBU/,/files/ENCFF645NAR/,/files/ENCFF647KGV/,/files/ENCFF849KES/,/files/ENCFF390PLR/,/files/ENCFF611VKE/,/files/ENCFF412OHR/,/files/ENCFF684ASX/,/files/ENCFF673DSG/,/files/ENCFF774ZJC/,/files/ENCFF040CRL/,/files/ENCFF907GTV/,/files/ENCFF069KUZ/,/files/ENCFF517DCA/,/files/ENCFF799EXZ/,/files/ENCFF863EMC/,/files/ENCFF730XEF/,/files/ENCFF978RLF/,/files/ENCFF734PRL/,/files/ENCFF980FXE/,/files/ENCFF113UJX/,/files/ENCFF641VDP/,/files/ENCFF452YUT/,/files/ENCFF005YUC/,/files/ENCFF643LNZ/,/files/ENCFF613UIO/,/files/ENCFF169XOL/,/files/ENCFF122ZJC/,/files/ENCFF945KNT/,/files/ENCFF256ARZ/		ENCBS638AAA	2,1	1	ENCAB717EYF	Homo sapiens	child	15 years												/replicates/85b42710-1883-4198-96dc-360472565077/,/replicates/ea1b8b82-d7a3-452d-81ab-5b5fefa7cb48/				
/experiments/ENCSR000DUD/	ENCSR000DUD	ChIP-seq	Histone ChIP-seq	cell line	/targets/H3K36me3-human/	H3K36me3	HIST2H3A,HIST2H3D,HIST2H3C	Homo sapiens HepG2	HepG2	GEO:GSM945211,UCSC-ENCODE-hg19:wgEncodeEH000446	H3K36me3 ChIP-seq on human HepG2	John Stamatoyannopoulos, UW	ENCODE	released	/files/ENCFF001FLJ/,/files/ENCFF001FLK/,/files/ENCFF001FLL/,/files/ENCFF001FLM/,/files/ENCFF001FLN/,/files/ENCFF001FLO/,/files/ENCFF001FLR/,/files/ENCFF001FLS/,/files/ENCFF001FMA/,/files/ENCFF001FMC/,/files/ENCFF001XCX/,/files/ENCFF001XCY/,/files/ENCFF001XCZ/,/files/ENCFF001XDA/,/files/ENCFF717YNG/,/files/ENCFF570BYE/,/files/ENCFF130PYS/,/files/ENCFF660VAM/,/files/ENCFF008FBH/,/files/ENCFF813OFI/,/files/ENCFF006QBH/,/files/ENCFF975WUR/,/files/ENCFF981QYW/,/files/ENCFF816HFQ/,/files/ENCFF631QTJ/,/files/ENCFF584IAG/,/files/ENCFF478KCI/,/files/ENCFF380INL/,/files/ENCFF360AIV/,/files/ENCFF745AQS/,/files/ENCFF051RAT/,/files/ENCFF018PAJ/,/files/ENCFF827UYR/,/files/ENCFF873UAZ/,/files/ENCFF926HPM/,/files/ENCFF286FWK/,/files/ENCFF954CUX/,/files/ENCFF419GSH/,/files/ENCFF994WSH/,/files/ENCFF580YQP/,/files/ENCFF893GAT/,/files/ENCFF318MSU/,/files/ENCFF034SCW/,/files/ENCFF492IGD/,/files/ENCFF113UYE/,/files/ENCFF265AEY/,/files/ENCFF497BPI/,/files/ENCFF104ECN/,/files/ENCFF524PMT/,/files/ENCFF370NTL/,/files/ENCFF214WBY/,/files/ENCFF585WHP/,/files/ENCFF592RCV/,/files/ENCFF939UCO/,/files/ENCFF047AST/,/files/ENCFF129NFT/,/files/ENCFF030FNZ/,/files/ENCFF026TWO/,/files/ENCFF998MMI/,/files/ENCFF348FEP/,/files/ENCFF682SZV/,/files/ENCFF599QFI/,/files/ENCFF424YLJ/,/files/ENCFF869JCX/,/files/ENCFF374MQX/,/files/ENCFF924TKB/,/files/ENCFF420YIL/,/files/ENCFF488DNL/	/experiment-series/ENCSR952HLO/	ENCBS270KOG	2,1	1	ENCAB000AQW	Homo sapiens	child	15 years												/replicates/4ded2c6f-7bcb-4755-8582-99fbe75e537b/,/replicates/4c3b5fa7-ea6b-450c-9097-af024689e630/				
/experiments/ENCSR000AMA/	ENCSR000AMA	ChIP-seq	TF ChIP-seq	cell line	/targets/CTCF-human/	CTCF	CTCF	Homo sapiens HepG2	HepG2	FactorBook:ENCSR000AMA,GEO:GSM733645,UCSC-ENCODE-hg19:wgEncodeEH000080,SCREEN-GRCh38:HepG2	CTCF ChIP-seq on human HepG2	Bradley Bernstein, Broad	ENCODE	released	/files/ENCFF000BDU/,/files/ENCFF000BDV/,/files/ENCFF000BDW/,/files/ENCFF000BEA/,/files/ENCFF000BED/,/files/ENCFF000BEI/,/files/ENCFF001SWF/,/files/ENCFF002CDZ/,/files/ENCFF996VLD/,/files/ENCFF853OQL/,/files/ENCFF076ORS/,/files/ENCFF129CNS/,/files/ENCFF068VJY/,/files/ENCFF263PTQ/,/files/ENCFF767PUI/,/files/ENCFF094DVS/,/files/ENCFF514KFF/,/files/ENCFF031UNH/,/files/ENCFF546WHS/,/files/ENCFF825ROK/,/files/ENCFF060GVH/,/files/ENCFF929VIY/,/files/ENCFF333HGD/,/files/ENCFF751MAY/,/files/ENCFF286EMA/,/files/ENCFF047HLA/,/files/ENCFF901VQJ/,/files/ENCFF986GGV/,/files/ENCFF716BKU/,/files/ENCFF105VBF/,/files/ENCFF574XOA/,/files/ENCFF377IEO/,/files/ENCFF160KQO/,/files/ENCFF623BFA/,/files/ENCFF887MJX/,/files/ENCFF474LFX/,/files/ENCFF015OJG/,/files/ENCFF612ZUY/,/files/ENCFF693YQS/,/files/ENCFF163OVF/,/files/ENCFF399PSE/,/files/ENCFF520WEM/,/files/ENCFF288ROE/,/files/ENCFF168NFO/,/files/ENCFF834ZMH/,/files/ENCFF898ZFI/,/files/ENCFF357NFO/,/files/ENCFF636YAE/,/files/ENCFF622JCJ/,/files/ENCFF210OHS/,/files/ENCFF205OKL/,/files/ENCFF611FHI/,/files/ENCFF059BYW/,/files/ENCFF694GIO/,/files/ENCFF194VBQ/	/experiment-series/ENCSR503GEG/	ENCBS295NFS,ENCBS743JKX	1,2	1	ENCAB000AXY	Homo sapiens	child	15 years												/replicates/c9b26524-4a42-41f3-87aa-61ec76d24e8d/,/replicates/8021f3cb-407f-4775-a2d1-f8ed2674bdbe/				
/experiments/ENCSR000EEK/	ENCSR000EEK	ChIP-seq	TF ChIP-seq	cell line	/targets/JUN-human/	JUN	JUN	Homo sapiens HepG2	HepG2	UCSC-ENCODE-hg19:wgEncodeEH001794,GEO:GSM935364,FactorBook:ENCSR000EEK	JUN ChIP-seq on human HepG2	Michael Snyder, Stanford	ENCODE	released	/files/ENCFF000XQJ/,/files/ENCFF000XQK/,/files/ENCFF000XQL/,/files/ENCFF000XQO/,/files/ENCFF000XQT/,/files/ENCFF000XQU/,/files/ENCFF001VKB/,/files/ENCFF002CTY/,/files/ENCFF544CRS/,/files/ENCFF065CFY/,/files/ENCFF074GYD/,/files/ENCFF295FER/,/files/ENCFF122BQB/,/files/ENCFF513RJB/,/files/ENCFF187GCY/,/files/ENCFF075ACV/,/files/ENCFF893JTS/,/files/ENCFF761YQA/,/files/ENCFF009HAK/,/files/ENCFF072EWZ/,/files/ENCFF624CKF/,/files/ENCFF076DHA/,/files/ENCFF094WXD/,/files/ENCFF550QYB/,/files/ENCFF103NOZ/,/files/ENCFF350DTX/,/files/ENCFF634DSC/,/files/ENCFF585RTK/,/files/ENCFF234PHK/,/files/ENCFF415DOT/,/files/ENCFF131ZEU/,/files/ENCFF385KKM/,/files/ENCFF995KCY/,/files/ENCFF913TPG/,/files/ENCFF524GJI/,/files/ENCFF819DGJ/,/files/ENCFF357FTO/,/files/ENCFF505TKN/,/files/ENCFF934ECP/,/files/ENCFF616URY/,/files/ENCFF331IUK/,/files/ENCFF939IIB/,/files/ENCFF117YIS/,/files/ENCFF904AZY/,/files/ENCFF969PSX/,/files/ENCFF914UUZ/,/files/ENCFF916SBW/,/files/ENCFF121UYS/,/files/ENCFF784KVX/,/files/ENCFF875ZOG/,/files/ENCFF079UOJ/,/files/ENCFF265UCB/,/files/ENCFF144SNB/,/files/ENCFF479VWW/,/files/ENCFF683VBW/,/files/ENCFF025JIA/,/files/ENCFF445QWL/,/files/ENCFF615AFN/,/files/ENCFF920XOJ/,/files/ENCFF831UEI/,/files/ENCFF732BEG/,/files/ENCFF972PLC/,/files/ENCFF902PRH/,/files/ENCFF740AAG/,/files/ENCFF789NQB/,/files/ENCFF794CVN/,/files/ENCFF209LXA/,/files/ENCFF590IBE/,/files/ENCFF401CRH/,/files/ENCFF448LKU/,/files/ENCFF558VCR/		ENCBS638AAA	1,2	1	ENCAB000AER	Homo sapiens	child	15 years												/replicates/3c3b62ef-42a0-4ca9-be37-686d3c19168a/,/replicates/b8552a26-a56b-4594-b2e1-a81ee2b6bf24/				
/experiments/ENCSR000BIE/	ENCSR000BIE	ChIP-seq	TF ChIP-seq	cell line	/targets/CTCF-human/	CTCF	CTCF	Homo sapiens HepG2	HepG2	FactorBook:ENCSR000BIE,GEO:GSM803486,UCSC-ENCODE-hg19:wgEncodeEH001516	CTCF ChIP-seq protocol v041610.1 on human HepG2	Richard Myers, HAIB	ENCODE	released	/files/ENCFF000PGS/,/files/ENCFF000PGT/,/files/ENCFF000PGU/,/files/ENCFF000PGV/,/files/ENCFF000PGW/,/files/ENCFF000PGY/,/files/ENCFF000PHE/,/files/ENCFF000PHG/,/files/ENCFF001UFO/,/files/ENCFF001UFP/,/files/ENCFF002CKF/,/files/ENCFF813SUF/,/files/ENCFF348BUL/,/files/ENCFF434TTR/,/files/ENCFF012FMD/,/files/ENCFF487UUI/,/files/ENCFF160QOX/,/files/ENCFF582JVP/,/files/ENCFF036QIW/,/files/ENCFF199YFA/,/files/ENCFF956KYU/,/files/ENCFF254DEQ/,/files/ENCFF389AXQ/,/files/ENCFF071KBD/,/files/ENCFF341QCS/,/files/ENCFF435DKZ/,/files/ENCFF481WJC/,/files/ENCFF178SXE/,/files/ENCFF622NLS/,/files/ENCFF249IWE/,/files/ENCFF491CGX/,/files/ENCFF466SFU/,/files/ENCFF446XDZ/,/files/ENCFF497MQF/,/files/ENCFF671PSW/,/files/ENCFF905EUN/,/files/ENCFF957STN/,/files/ENCFF601JOJ/,/files/ENCFF018FYT/,/files/ENCFF168MWY/,/files/ENCFF467MCE/,/files/ENCFF992KKV/,/files/ENCFF592HQK/,/files/ENCFF954QKM/,/files/ENCFF252PLM/,/files/ENCFF543WTP/,/files/ENCFF493ZQB/,/files/ENCFF008COY/,/files/ENCFF693EOH/,/files/ENCFF583JMZ/,/files/ENCFF804LNZ/,/files/ENCFF091UHT/,/files/ENCFF210CPJ/,/files/ENCFF487OYC/,/files/ENCFF327TVJ/,/files/ENCFF429DPZ/,/files/ENCFF651AZJ/,/files/ENCFF342TKO/,/files/ENCFF297IFU/,/files/ENCFF808VWK/,/files/ENCFF329MOF/,/files/ENCFF720IND/,/files/ENCFF237OKO/,/files/ENCFF915BIE/,/files/ENCFF525URF/,/files/ENCFF007PQL/,/files/ENCFF895JRR/,/files/ENCFF092YYI/,/files/ENCFF965JDG/,/files/ENCFF172JWP/,/files/ENCFF029RTI/,/files/ENCFF927FUR/,/files/ENCFF123DAC/,/files/ENCFF620LKA/	/experiment-series/ENCSR503GEG/	ENCBS114ENC	2,1	1	ENCAB000AFR	Homo sapiens	child	15 years												/replicates/f858ca57-9d0b-4b4e-bd4b-10f76ae184c0/,/replicates/f821be16-43e9-4ac5-ab16-781a819b5f3f/				
/experiments/ENCSR000EDZ/	ENCSR000EDZ	ChIP-seq	TF ChIP-seq	cell line	/targets/MAFK-human/	MAFK	MAFK	Homo sapiens HepG2	HepG2	GEO:GSM935610,FactorBook:ENCSR000EDZ,UCSC-ENCODE-hg19:wgEncodeEH001850	MAFK ChIP-seq on human HepG2	Michael Snyder, Stanford	ENCODE	released	/files/ENCFF000XTW/,/files/ENCFF000XTX/,/files/ENCFF000XTY/,/files/ENCFF000XUB/,/files/ENCFF000XUU/,/files/ENCFF000XVK/,/files/ENCFF001VKL/,/files/ENCFF002CUI/,/files/ENCFF034QXU/,/files/ENCFF799ELF/,/files/ENCFF211KFP/,/files/ENCFF020TAL/,/files/ENCFF792OIY/,/files/ENCFF226KME/,/files/ENCFF827LKV/,/files/ENCFF779IAQ/,/files/ENCFF019CEQ/,/files/ENCFF902OMQ/,/files/ENCFF754KJX/,/files/ENCFF455JLQ/,/files/ENCFF603KXE/,/files/ENCFF227YDJ/,/files/ENCFF422YLS/,/files/ENCFF700LQD/,/files/ENCFF274CWO/,/files/ENCFF569VYO/,/files/ENCFF800XTT/,/files/ENCFF816KVE/,/files/ENCFF173YTT/,/files/ENCFF852UNR/,/files/ENCFF397RLJ/,/files/ENCFF755GBM/,/files/ENCFF310RSH/,/files/ENCFF041DQP/,/files/ENCFF544BIC/,/files/ENCFF119GFX/,/files/ENCFF470CWN/,/files/ENCFF309DBR/,/files/ENCFF931OYF/,/files/ENCFF910OBA/,/files/ENCFF629FTW/,/files/ENCFF371ZWB/,/files/ENCFF425LEL/,/files/ENCFF015GTP/,/files/ENCFF861FSM/,/files/ENCFF770TZL/,/files/ENCFF894AFG/,/files/ENCFF275BDQ/,/files/ENCFF792QIX/,/files/ENCFF712FOK/,/files/ENCFF065KFR/,/files/ENCFF458PBB/,/files/ENCFF389KVO/,/files/ENCFF443RNS/,/files/ENCFF168GFU/,/files/ENCFF743CRS/,/files/ENCFF767LDG/,/files/ENCFF552ELJ/,/files/ENCFF938WCX/,/files/ENCFF011DFU/,/files/ENCFF729VDT/,/files/ENCFF704KKB/,/files/ENCFF780KTM/,/files/ENCFF860VQI/,/files/ENCFF239XOI/,/files/ENCFF107XSH/,/files/ENCFF096FWY/,/files/ENCFF668GVL/,/files/ENCFF756WEY/	/experiment-series/ENCSR317VHB/	ENCBS638AAA	1,2	1	ENCAB000AIK	Homo sapiens	child	15 years												/replicates/520e6de5-56da-40eb-a0a1-cf2aca19176b/,/replicates/c79cd1c8-1412-4e07-8a15-0dbcaa6425eb/				
/experiments/ENCSR000BLW/	ENCSR000BLW	ChIP-seq	TF ChIP-seq	cell line	/targets/EP300-human/	EP300	EP300	Homo sapiens HepG2	HepG2	FactorBook:ENCSR000BLW,UCSC-ENCODE-hg19:wgEncodeEH001612,GEO:GSM803499	EP300 ChIP-seq protocol v041610.1 on human HepG2	Richard Myers, HAIB	ENCODE	released	/files/ENCFF000PMO/,/files/ENCFF000PMP/,/files/ENCFF000PMQ/,/files/ENCFF000PMR/,/files/ENCFF000PMS/,/files/ENCFF000PMT/,/files/ENCFF000PMZ/,/files/ENCFF000PNA/,/files/ENCFF001UHA/,/files/ENCFF001UHB/,/files/ENCFF002CKV/,/files/ENCFF567QUK/,/files/ENCFF432SGP/,/files/ENCFF522HWT/,/files/ENCFF246IMM/,/files/ENCFF035CSV/,/files/ENCFF219HMK/,/files/ENCFF373JKP/,/files/ENCFF581OIB/,/files/ENCFF561DCM/,/files/ENCFF163CZB/,/files/ENCFF646MYY/,/files/ENCFF555PAU/,/files/ENCFF885QMD/,/files/ENCFF952OBS/,/files/ENCFF552BPU/,/files/ENCFF023LJV/,/files/ENCFF071VVA/,/files/ENCFF772VBV/,/files/ENCFF411ZQT/,/files/ENCFF674QCU/,/files/ENCFF009RZY/,/files/ENCFF665WOY/,/files/ENCFF648UFU/,/files/ENCFF213VZV/,/files/ENCFF805JLO/,/files/ENCFF207XFY/,/files/ENCFF908HDQ/,/files/ENCFF321BYG/,/files/ENCFF711GNA/,/files/ENCFF218CEG/,/files/ENCFF906ESV/,/files/ENCFF547POU/,/files/ENCFF960HNF/,/files/ENCFF582IFA/,/files/ENCFF397JOR/,/files/ENCFF811CMJ/,/files/ENCFF132ZVN/,/files/ENCFF263GFM/,/files/ENCFF317IOU/,/files/ENCFF637TYJ/,/files/ENCFF257WQI/,/files/ENCFF272EZO/,/files/ENCFF484KND/,/files/ENCFF705FOY/,/files/ENCFF029ZZK/,/files/ENCFF187GBB/,/files/ENCFF740RHT/,/files/ENCFF212CAM/,/files/ENCFF202QYC/,/files/ENCFF207ICH/,/files/ENCFF882CUE/,/files/ENCFF995GGU/,/files/ENCFF735CZF/,/files/ENCFF393LUP/,/files/ENCFF726NGV/,/files/ENCFF092MIT/,/files/ENCFF624COX/,/files/ENCFF590GRP/,/files/ENCFF634FYT/,/files/ENCFF882AYD/,/files/ENCFF354ACD/,/files/ENCFF141GTW/,/files/ENCFF739YNY/	/experiment-series/ENCSR321NMG/	ENCBS114ENC	1,2	1	ENCAB000AJM	Homo sapiens	child	15 years												/replicates/869e9781-75bd-4e9f-b066-e80cfd2f2ace/,/replicates/b9077e2b-027c-496b-a698-6d1bfa978107/				
/experiments/ENCSR854JES/	ENCSR854JES	ChIP-seq	TF ChIP-seq	cell line	/targets/POLR2G-human/	POLR2G	POLR2G	Homo sapiens HepG2	HepG2	GEO:GSE136525	POLR2G ChIP-seq on HepG2	Xiang-Dong Fu, UCSD	ENCODE	released	/files/ENCFF987TDP/,/files/ENCFF988VYU/,/files/ENCFF292YCO/,/files/ENCFF937LJU/,/files/ENCFF275TIK/,/files/ENCFF574ZKW/,/files/ENCFF328GBF/,/files/ENCFF520SUX/,/files/ENCFF940NHX/,/files/ENCFF348BZV/,/files/ENCFF360QQU/,/files/ENCFF589AEQ/,/files/ENCFF758QFH/,/files/ENCFF853WQF/,/files/ENCFF266CLR/,/files/ENCFF567XFA/,/files/ENCFF217BFK/,/files/ENCFF236KRZ/,/files/ENCFF973HFC/,/files/ENCFF866RDH/,/files/ENCFF856TZN/,/files/ENCFF754JXF/,/files/ENCFF551IJP/,/files/ENCFF241AEG/,/files/ENCFF905HJA/,/files/ENCFF242XTM/,/files/ENCFF193HJC/,/files/ENCFF738NEB/,/files/ENCFF316BHA/,/files/ENCFF273BUG/,/files/ENCFF617WDA/,/files/ENCFF565FWV/,/files/ENCFF737QPD/,/files/ENCFF680VQA/,/files/ENCFF121KGM/,/files/ENCFF420YOK/,/files/ENCFF559FAT/,/files/ENCFF181QCC/,/files/ENCFF733YFT/,/files/ENCFF159WSY/,/files/ENCFF914QRR/,/files/ENCFF259XQC/,/files/ENCFF835IAQ/,/files/ENCFF283LGA/,/files/ENCFF991IWU/,/files/ENCFF148GAF/,/files/ENCFF585ZWK/,/files/ENCFF646ACT/,/files/ENCFF743OGX/,/files/ENCFF685FCZ/,/files/ENCFF054JOQ/,/files/ENCFF090PWQ/,/files/ENCFF453OKN/,/files/ENCFF697MJD/,/files/ENCFF682STT/,/files/ENCFF323XZG/,/files/ENCFF043GRK/,/files/ENCFF536BRY/,/files/ENCFF508UTS/,/files/ENCFF144AJV/,/files/ENCFF485SII/,/files/ENCFF945MZH/,/files/ENCFF496CJE/,/files/ENCFF836RTH/		ENCBS466ZIX,ENCBS926EJR	2,1	1	ENCAB392AZR	Homo sapiens	child	15 years												/replicates/62a3dbab-69bf-45f7-9a22-ee2b7219ddb9/,/replicates/6fd5b9e3-5041-4b66-b841-81eca7b92244/				
/experiments/ENCSR000ARI/	ENCSR000ARI	ChIP-seq	TF ChIP-seq	cell line	/targets/EZH2-human/	EZH2	EZH2	Homo sapiens HepG2	HepG2	UCSC-ENCODE-hg19:wgEncodeEH002416,GEO:GSM1003487	ChIP-seq on human HepG2 EZH2	Bradley Bernstein, Broad	ENCODE	released	/files/ENCFF000BEB/,/files/ENCFF000BEC/,/files/ENCFF000BEE/,/files/ENCFF000BEF/,/files/ENCFF000BEL/,/files/ENCFF000BEQ/,/files/ENCFF001SWG/,/files/ENCFF002CEA/,/files/ENCFF241WTL/,/files/ENCFF586GBV/,/files/ENCFF982KPD/,/files/ENCFF051ILA/,/files/ENCFF723QHK/,/files/ENCFF545PYA/,/files/ENCFF293TTT/,/files/ENCFF258HKW/,/files/ENCFF978OOP/,/files/ENCFF640KOY/,/files/ENCFF966LFP/,/files/ENCFF677XOS/,/files/ENCFF670QJS/,/files/ENCFF657VMQ/,/files/ENCFF422BZK/,/files/ENCFF329GRI/,/files/ENCFF659XAS/,/files/ENCFF506VXV/,/files/ENCFF321AHD/,/files/ENCFF044RST/,/files/ENCFF054DHS/,/files/ENCFF908ERS/,/files/ENCFF032KFQ/,/files/ENCFF250BRL/,/files/ENCFF053TDB/,/files/ENCFF199MPQ/,/files/ENCFF154PDW/,/files/ENCFF493FED/,/files/ENCFF135LRF/,/files/ENCFF216XTY/,/files/ENCFF790QBA/,/files/ENCFF876PHC/,/files/ENCFF649GPF/,/files/ENCFF762EDH/,/files/ENCFF504QZJ/,/files/ENCFF661AGA/,/files/ENCFF633YWL/,/files/ENCFF232QOZ/,/files/ENCFF380AKN/,/files/ENCFF488ZXT/,/files/ENCFF109JCT/,/files/ENCFF213PKN/,/files/ENCFF513RHL/,/files/ENCFF975CYA/,/files/ENCFF126DFP/,/files/ENCFF573PLD/,/files/ENCFF123GIC/,/files/ENCFF437ALF/,/files/ENCFF316MNF/,/files/ENCFF164UTX/,/files/ENCFF480SDA/,/files/ENCFF559YWA/,/files/ENCFF509MLV/,/files/ENCFF955MTT/,/files/ENCFF295JYK/,/files/ENCFF163NAS/,/files/ENCFF521AKL/,/files/ENCFF912EIW/,/files/ENCFF971WCN/,/files/ENCFF758XFG/,/files/ENCFF727ICK/		ENCBS295NFS,ENCBS638AAA	1,2	1	ENCAB000AGH	Homo sapiens	child	15 years												/replicates/10bd4ecf-8660-4c7f-91ba-602d64d8f212/,/replicates/e4133cc6-54d0-4a94-844a-8a79a084932c/				
/experiments/ENCSR000BVL/	ENCSR000BVL	ChIP-seq	TF ChIP-seq	cell line	/targets/CREB1-human/	CREB1	CREB1	Homo sapiens HepG2	HepG2	UCSC-ENCODE-hg19:wgEncodeEH003312,GEO:GSM1010808,FactorBook:ENCSR000BVL	CREB1 ChIP-seq protocol v042211.1 on human HepG2	Richard Myers, HAIB	ENCODE	released	/files/ENCFF000PGL/,/files/ENCFF000PGM/,/files/ENCFF000PGN/,/files/ENCFF000PGO/,/files/ENCFF000PGP/,/files/ENCFF000PGR/,/files/ENCFF000PGX/,/files/ENCFF000PGZ/,/files/ENCFF001UFM/,/files/ENCFF001UFN/,/files/ENCFF834UTU/,/files/ENCFF245CBB/,/files/ENCFF825FAU/,/files/ENCFF570YMS/,/files/ENCFF002WEO/,/files/ENCFF012XKQ/,/files/ENCFF178TJG/,/files/ENCFF504LUT/,/files/ENCFF953JZW/,/files/ENCFF384WKK/,/files/ENCFF322HPX/,/files/ENCFF656HHW/,/files/ENCFF520PZN/,/files/ENCFF945FRP/,/files/ENCFF501VID/,/files/ENCFF197SWC/,/files/ENCFF273RDU/,/files/ENCFF365ZSI/,/files/ENCFF682FEJ/,/files/ENCFF738LQC/,/files/ENCFF564YGY/,/files/ENCFF232WNX/	/experiment-series/ENCSR264DHM/	ENCBS114ENC	1,2	1	ENCAB000AFN	Homo sapiens	child	15 years												/replicates/2868db4d-2a5e-4c4c-af42-cb67b8343d24/,/replicates/5bed8f2a-7a1a-4950-9110-4bbd98e5f1e7/				
/experiments/ENCSR000DUE/	ENCSR000DUE	ChIP-seq	Histone ChIP-seq	cell line	/targets/H3K27me3-human/	H3K27me3	HIST2H3A,HIST2H3D,HIST2H3C	Homo sapiens HepG2	HepG2	GEO:GSM945231,UCSC-ENCODE-hg19:wgEncodeEH000433	H3K27me3 ChIP-seq on human HepG2	John Stamatoyannopoulos, UW	ENCODE	released	/files/ENCFF001FKZ/,/files/ENCFF001FLA/,/files/ENCFF001FLB/,/files/ENCFF001FLC/,/files/ENCFF001FLE/,/files/ENCFF001FLF/,/files/ENCFF001FLH/,/files/ENCFF001FLI/,/files/ENCFF001FLQ/,/files/ENCFF001FLT/,/files/ENCFF001XCT/,/files/ENCFF001XCU/,/files/ENCFF001XCV/,/files/ENCFF001XCW/,/files/ENCFF717MOR/,/files/ENCFF634XQW/,/files/ENCFF030HAG/,/files/ENCFF394DQA/,/files/ENCFF591ZGI/,/files/ENCFF298RTU/,/files/ENCFF496QMB/,/files/ENCFF502ALT/,/files/ENCFF469QNR/,/files/ENCFF728TRI/,/files/ENCFF043CSY/,/files/ENCFF339QYM/,/files/ENCFF546TJV/,/files/ENCFF437FHN/,/files/ENCFF305PEK/,/files/ENCFF357ESZ/,/files/ENCFF526MZO/,/files/ENCFF168YEU/,/files/ENCFF195BWP/,/files/ENCFF725VDZ/,/files/ENCFF572BUT/,/files/ENCFF773PDE/,/files/ENCFF567VAQ/,/files/ENCFF561UMA/,/files/ENCFF252DHF/,/files/ENCFF404SPA/,/files/ENCFF609FME/,/files/ENCFF602ORZ/,/files/ENCFF907ERQ/,/files/ENCFF182HOM/,/files/ENCFF334AEG/,/files/ENCFF385RIY/,/files/ENCFF727EFW/,/files/ENCFF419FUZ/,/files/ENCFF982CSD/,/files/ENCFF034QJR/,/files/ENCFF437XHN/,/files/ENCFF829GMB/,/files/ENCFF610VDZ/,/files/ENCFF894FYZ/,/files/ENCFF508XQF/,/files/ENCFF994MMJ/,/files/ENCFF165IAP/,/files/ENCFF896BFP/,/files/ENCFF776ZRH/,/files/ENCFF960BQU/,/files/ENCFF415LRQ/,/files/ENCFF168UHF/,/files/ENCFF680WSQ/,/files/ENCFF841QVP/,/files/ENCFF699XQH/,/files/ENCFF486AVP/,/files/ENCFF962RZE/,/files/ENCFF827BVV/	/experiment-series/ENCSR716KFZ/	ENCBS270KOG,ENCBS645YGY	2,1	1	ENCAB000ANB	Homo sapiens	child	15 years												/replicates/5138e32d-4c6f-4ff6-ad4d-c86ef83746b4/,/replicates/5db9f61f-6bd8-428f-8140-f3b3bc3f7e9d/				
/experiments/ENCSR000EEI/	ENCSR000EEI	ChIP-seq	TF ChIP-seq	cell line	/targets/JUND-human/	JUND	JUND	Homo sapiens HepG2	HepG2	GEO:GSM935649,FactorBook:ENCSR000EEI,UCSC-ENCODE-hg19:wgEncodeEH001801	JUND ChIP-seq on human HepG2	Michael Snyder, Stanford	ENCODE	released	/files/ENCFF000XTG/,/files/ENCFF000XTH/,/files/ENCFF000XTI/,/files/ENCFF000XTJ/,/files/ENCFF000XTQ/,/files/ENCFF000XTR/,/files/ENCFF001VKI/,/files/ENCFF002CUF/,/files/ENCFF248WNB/,/files/ENCFF594GDM/,/files/ENCFF676IYR/,/files/ENCFF750TAX/,/files/ENCFF416LMF/,/files/ENCFF172MMF/,/files/ENCFF525YRO/,/files/ENCFF392PTK/,/files/ENCFF371NBL/,/files/ENCFF347VZB/,/files/ENCFF720EHK/,/files/ENCFF527GYY/,/files/ENCFF243ZJS/,/files/ENCFF776HXA/,/files/ENCFF276MXL/,/files/ENCFF712CYB/,/files/ENCFF190IVH/,/files/ENCFF430PEI/,/files/ENCFF229VWM/,/files/ENCFF396EWL/,/files/ENCFF882PYV/,/files/ENCFF880ETD/,/files/ENCFF374SMH/,/files/ENCFF040TDG/,/files/ENCFF843XOC/,/files/ENCFF424CPW/,/files/ENCFF049VHU/,/files/ENCFF335URU/,/files/ENCFF876YHP/,/files/ENCFF993LAG/,/files/ENCFF109WRJ/,/files/ENCFF344DTP/,/files/ENCFF964XWW/,/files/ENCFF716IBZ/,/files/ENCFF951EMI/,/files/ENCFF979RHK/,/files/ENCFF854NRG/,/files/ENCFF185JWL/,/files/ENCFF596XCU/,/files/ENCFF085GOJ/,/files/ENCFF285KGJ/,/files/ENCFF379KKX/,/files/ENCFF300RQU/,/files/ENCFF562GOQ/,/files/ENCFF535OOE/,/files/ENCFF334SAY/,/files/ENCFF562YSV/,/files/ENCFF439WOA/,/files/ENCFF381KIQ/,/files/ENCFF028CZW/,/files/ENCFF953VNU/,/files/ENCFF103TQH/,/files/ENCFF475AUL/,/files/ENCFF281KZH/,/files/ENCFF768EOT/,/files/ENCFF113OUV/,/files/ENCFF340RUQ/,/files/ENCFF999VSO/,/files/ENCFF923ZXM/,/files/ENCFF738FFP/,/files/ENCFF602UQI/,/files/ENCFF572MTC/,/files/ENCFF869OPW/	/experiment-series/ENCSR643EQU/	ENCBS638AAA	2,1	1	ENCAB000AID	Homo sapiens	child	15 years												/replicates/f63be571-5ed0-411e-adb7-5bd5434b945d/,/replicates/ce00c3c6-e06c-47ea-851c-9cb158aa0930/				
/experiments/ENCSR000EEB/	ENCSR000EEB	ChIP-seq	TF ChIP-seq	cell line	/targets/MAFK-human/	MAFK	MAFK	Homo sapiens HepG2	HepG2	FactorBook:ENCSR000EEB,UCSC-ENCODE-hg19:wgEncodeEH001842,GEO:GSM935305	MAFK ChIP-seq on human HepG2	Michael Snyder, Stanford	ENCODE	released	/files/ENCFF000XTS/,/files/ENCFF000XTT/,/files/ENCFF000XTU/,/files/ENCFF000XTV/,/files/ENCFF000XUK/,/files/ENCFF000XUL/,/files/ENCFF001VKK/,/files/ENCFF002CUH/,/files/ENCFF539WMC/,/files/ENCFF251HGY/,/files/ENCFF588POK/,/files/ENCFF007BXW/,/files/ENCFF829RTX/,/files/ENCFF126OVJ/,/files/ENCFF150WRC/,/files/ENCFF070SKM/,/files/ENCFF988ZUO/,/files/ENCFF016LSH/,/files/ENCFF534JSP/,/files/ENCFF814UDQ/,/files/ENCFF124YUO/,/files/ENCFF352MVO/,/files/ENCFF396ETS/,/files/ENCFF092FFG/,/files/ENCFF067XYR/,/files/ENCFF095HBX/,/files/ENCFF827QWK/,/files/ENCFF718CQQ/,/files/ENCFF433UUO/,/files/ENCFF680GLU/,/files/ENCFF122DRL/,/files/ENCFF326SGF/,/files/ENCFF420BSH/,/files/ENCFF396ZGK/,/files/ENCFF201BMZ/,/files/ENCFF490VXP/,/files/ENCFF154JIA/,/files/ENCFF714EGZ/,/files/ENCFF748HVA/,/files/ENCFF632THJ/,/files/ENCFF359VOP/,/files/ENCFF179BIY/,/files/ENCFF565SFG/,/files/ENCFF883KWQ/,/files/ENCFF835GLG/,/files/ENCFF900PRA/,/files/ENCFF823CRN/,/files/ENCFF171OJF/,/files/ENCFF642PSN/,/files/ENCFF815UDB/,/files/ENCFF229IET/,/files/ENCFF601VOH/,/files/ENCFF668SQL/,/files/ENCFF299DQR/,/files/ENCFF701OXX/,/files/ENCFF378CAV/,/files/ENCFF242GUB/,/files/ENCFF595QED/,/files/ENCFF014KJY/,/files/ENCFF062KUL/,/files/ENCFF927ETM/,/files/ENCFF429HAJ/,/files/ENCFF892EIK/,/files/ENCFF654RRF/,/files/ENCFF231CNR/,/files/ENCFF355ALI/,/files/ENCFF665VSU/,/files/ENCFF743ZOF/,/files/ENCFF259ECH/,/files/ENCFF876SRV/,/files/ENCFF146GRS/	/experiment-series/ENCSR317VHB/	ENCBS638AAA	2,1	1	ENCAB000AIJ	Homo sapiens	child	15 years												/replicates/4fc68bb3-5400-49b3-b69e-886241a362f2/,/replicates/abf6c71d-5aff-4776-9053-8eae83cf842f/				
/experiments/ENCSR000EDX/	ENCSR000EDX	ChIP-seq	TF ChIP-seq	cell line	/targets/POLR2AphosphoS2-human/	POLR2AphosphoS2	POLR2A	Homo sapiens HepG2	HepG2	GEO:GSM935543,UCSC-ENCODE-hg19:wgEncodeEH001860	POLR2AphosphoS2 ChIP-seq on human HepG2	Michael Snyder, Stanford	ENCODE	released	/files/ENCFF000XWP/,/files/ENCFF000XWQ/,/files/ENCFF000XWS/,/files/ENCFF000XWU/,/files/ENCFF000XXB/,/files/ENCFF000XXC/,/files/ENCFF001VKV/,/files/ENCFF002CUR/,/files/ENCFF808YIW/,/files/ENCFF767ZNK/,/files/ENCFF131TEK/,/files/ENCFF902KSW/,/files/ENCFF846YRS/,/files/ENCFF244SHN/,/files/ENCFF411YGP/,/files/ENCFF451VMR/,/files/ENCFF628GCY/,/files/ENCFF237QGI/,/files/ENCFF316CBZ/,/files/ENCFF783DEP/,/files/ENCFF719HQT/,/files/ENCFF648ZES/,/files/ENCFF632YXE/,/files/ENCFF385NVH/,/files/ENCFF137PPA/,/files/ENCFF491BOG/,/files/ENCFF117LOH/,/files/ENCFF620HCW/,/files/ENCFF013FJO/,/files/ENCFF673FVQ/,/files/ENCFF863TEE/,/files/ENCFF273UTG/,/files/ENCFF153TXI/,/files/ENCFF955DMY/,/files/ENCFF375YTE/,/files/ENCFF337KCN/,/files/ENCFF652YVO/,/files/ENCFF799UUV/,/files/ENCFF475MTE/,/files/ENCFF434XHU/,/files/ENCFF990YRE/,/files/ENCFF646WOC/,/files/ENCFF750XRQ/,/files/ENCFF044XBJ/,/files/ENCFF037LMD/,/files/ENCFF856ZUP/,/files/ENCFF664XSZ/,/files/ENCFF459OJE/,/files/ENCFF782PPN/,/files/ENCFF647AUN/,/files/ENCFF940PKN/,/files/ENCFF718VMP/,/files/ENCFF886POF/,/files/ENCFF498BWP/,/files/ENCFF986NNF/,/files/ENCFF381GQU/,/files/ENCFF401DBF/,/files/ENCFF206GNI/,/files/ENCFF522SCC/,/files/ENCFF284PPL/,/files/ENCFF707FTW/,/files/ENCFF155PFL/,/files/ENCFF296CUJ/,/files/ENCFF548FBL/,/files/ENCFF424GKS/,/files/ENCFF963WPM/,/files/ENCFF629ZES/,/files/ENCFF154GJK/,/files/ENCFF400CVS/,/files/ENCFF508CYP/,/files/ENCFF422YUC/		ENCBS638AAA	2,1	1	ENCAB000AOB	Homo sapiens	child	15 years												/replicates/b57cd130-9515-40a3-9118-698b1cd9ea7f/,/replicates/e479d12e-d27a-4b0e-9044-c883955692ea/				
/experiments/ENCSR000EEG/	ENCSR000EEG	ChIP-seq	TF ChIP-seq	cell line	/targets/RAD21-human/	RAD21	RAD21	Homo sapiens HepG2	HepG2	UCSC-ENCODE-hg19:wgEncodeEH001803,GEO:GSM935647	RAD21 ChIP-seq on human HepG2	Michael Snyder, Stanford	ENCODE	released	/files/ENCFF000XWX/,/files/ENCFF000XWY/,/files/ENCFF000XWZ/,/files/ENCFF000XXA/,/files/ENCFF000XXK/,/files/ENCFF000XXL/,/files/ENCFF001VKW/,/files/ENCFF002CUS/,/files/ENCFF476OQY/,/files/ENCFF143MIJ/,/files/ENCFF200JRU/,/files/ENCFF942GFS/,/files/ENCFF461CLC/,/files/ENCFF244OOU/,/files/ENCFF881DRR/,/files/ENCFF978UQN/,/files/ENCFF240KTH/,/files/ENCFF011TSJ/,/files/ENCFF707NPA/,/files/ENCFF653EFX/,/files/ENCFF256YKN/,/files/ENCFF136ADF/,/files/ENCFF873VFG/,/files/ENCFF281ZBB/,/files/ENCFF472EFX/,/files/ENCFF812GFJ/,/files/ENCFF482BLP/,/files/ENCFF993KOH/,/files/ENCFF147TWT/,/files/ENCFF506CEC/,/files/ENCFF093XOJ/,/files/ENCFF787LPL/,/files/ENCFF254ECL/,/files/ENCFF654TFE/,/files/ENCFF946YCX/,/files/ENCFF684BWT/,/files/ENCFF786WOY/,/files/ENCFF561VOO/,/files/ENCFF223NYG/,/files/ENCFF919FKU/,/files/ENCFF189ILE/,/files/ENCFF584YYH/,/files/ENCFF464DVM/,/files/ENCFF550URY/,/files/ENCFF741VOR/,/files/ENCFF264AGW/,/files/ENCFF903MXX/,/files/ENCFF770CIC/,/files/ENCFF010FQN/,/files/ENCFF916VOB/,/files/ENCFF685NZJ/,/files/ENCFF729OUW/,/files/ENCFF734USL/,/files/ENCFF527YVC/,/files/ENCFF399ENI/,/files/ENCFF221VFQ/,/files/ENCFF319BXY/,/files/ENCFF889HTU/,/files/ENCFF855CLR/,/files/ENCFF951AON/,/files/ENCFF704FRG/,/files/ENCFF242MRW/,/files/ENCFF651UJP/,/files/ENCFF292YBR/,/files/ENCFF963UBJ/,/files/ENCFF636HMK/,/files/ENCFF155CEQ/,/files/ENCFF145VFI/,/files/ENCFF171ZXN/,/files/ENCFF718ZUF/,/files/ENCFF160OJY/	/experiment-series/ENCSR977WGW/	ENCBS638AAA	1,2	1	ENCAB000AKG	Homo sapiens	child	15 years												/replicates/2c5417e6-e3e9-419f-8773-c87456313d90/,/replicates/ef7d51e8-b679-49d7-a9e3-c2420c65cd67/				
/experiments/ENCSR000BJM/	ENCSR000BJM	ChIP-seq	TF ChIP-seq	cell line	/targets/POLR2A-human/	POLR2A	POLR2A	Homo sapiens HepG2	HepG2	GEO:GSM803368,UCSC-ENCODE-hg19:wgEncodeEH001550	POLR2A ChIP-seq protocol PCR2x on human HepG2	Richard Myers, HAIB	ENCODE	released	/files/ENCFF000PNE/,/files/ENCFF000PNF/,/files/ENCFF000PNG/,/files/ENCFF000PNH/,/files/ENCFF000PNJ/,/files/ENCFF000PNK/,/files/ENCFF000PNM/,/files/ENCFF000PNT/,/files/ENCFF001UHE/,/files/ENCFF001UHF/,/files/ENCFF002CKX/,/files/ENCFF536QCV/,/files/ENCFF704XJN/,/files/ENCFF555CHL/,/files/ENCFF739TSH/,/files/ENCFF263PSR/,/files/ENCFF988KTE/,/files/ENCFF747MOU/,/files/ENCFF541JLQ/,/files/ENCFF420ZWG/,/files/ENCFF836RED/,/files/ENCFF933QQE/,/files/ENCFF276SWJ/,/files/ENCFF481ONN/,/files/ENCFF364GBS/,/files/ENCFF878OUJ/,/files/ENCFF378NKG/,/files/ENCFF387XMX/,/files/ENCFF495JBN/,/files/ENCFF493GSM/,/files/ENCFF925TDZ/,/files/ENCFF497QSA/,/files/ENCFF973TES/,/files/ENCFF565SUC/,/files/ENCFF442SGT/,/files/ENCFF664JCZ/,/files/ENCFF084KNT/,/files/ENCFF268HHX/,/files/ENCFF427RAW/,/files/ENCFF089OGX/,/files/ENCFF981PKL/,/files/ENCFF800QHJ/,/files/ENCFF856HRW/,/files/ENCFF078TDL/,/files/ENCFF838GJX/,/files/ENCFF680IKB/,/files/ENCFF116CKX/,/files/ENCFF137UNH/,/files/ENCFF116TSU/,/files/ENCFF545NHH/,/files/ENCFF690CPE/,/files/ENCFF992LSQ/,/files/ENCFF738DMV/,/files/ENCFF199ATL/,/files/ENCFF159PYD/,/files/ENCFF764VAR/,/files/ENCFF127VAA/,/files/ENCFF473DMJ/,/files/ENCFF718XAJ/,/files/ENCFF895XCY/,/files/ENCFF505PXD/,/files/ENCFF819QUU/,/files/ENCFF399NZM/,/files/ENCFF541IRU/,/files/ENCFF539MJA/,/files/ENCFF268CWN/,/files/ENCFF472IRC/,/files/ENCFF682KJI/,/files/ENCFF894BKX/,/files/ENCFF616QFZ/,/files/ENCFF992HYE/,/files/ENCFF484PWQ/,/files/ENCFF843SGG/,/files/ENCFF092FMG/	/experiment-series/ENCSR328TUT/	ENCBS114ENC	2,1	1	ENCAB000AOC	Homo sapiens	child	15 years												/replicates/0f02e9c0-49be-4fb1-bf5e-e2c935cd186e/,/replicates/198ab137-1bf9-4a26-8eb0-92d3b998081f/				
/experiments/ENCSR000DUF/	ENCSR000DUF	ChIP-seq	Histone ChIP-seq	cell line	/targets/H3K4me3-human/	H3K4me3	HIST2H3A,HIST2H3D,HIST2H3C	Homo sapiens HepG2	HepG2	UCSC-ENCODE-hg19:wgEncodeEH000413,SCREEN-GRCh38:HepG2,GEO:GSM945182	H3K4me3 ChIP-seq on human HepG2	John Stamatoyannopoulos, UW	ENCODE	released	/files/ENCFF001FLU/,/files/ENCFF001FLV/,/files/ENCFF001FLW/,/files/ENCFF001FLX/,/files/ENCFF001FLY/,/files/ENCFF001FLZ/,/files/ENCFF001FMB/,/files/ENCFF001FMD/,/files/ENCFF001FMG/,/files/ENCFF001FMH/,/files/ENCFF001XDB/,/files/ENCFF001XDC/,/files/ENCFF001XDD/,/files/ENCFF001XDE/,/files/ENCFF909WTX/,/files/ENCFF735WTK/,/files/ENCFF350FDO/,/files/ENCFF209UBS/,/files/ENCFF777LFF/,/files/ENCFF135AIT/,/files/ENCFF979KGA/,/files/ENCFF570RYZ/,/files/ENCFF341NNN/,/files/ENCFF606GXD/,/files/ENCFF960EAT/,/files/ENCFF574QKR/,/files/ENCFF223DKE/,/files/ENCFF426UGV/,/files/ENCFF133HJA/,/files/ENCFF775AIR/,/files/ENCFF189PTH/,/files/ENCFF459XMU/,/files/ENCFF764ZEN/,/files/ENCFF118TLU/,/files/ENCFF752OCZ/,/files/ENCFF459IWR/,/files/ENCFF962DDH/,/files/ENCFF986SHM/,/files/ENCFF688NMF/,/files/ENCFF777EVS/,/files/ENCFF208MSQ/,/files/ENCFF248PEO/,/files/ENCFF205GCG/,/files/ENCFF663ZBD/,/files/ENCFF130NNW/,/files/ENCFF053ZWM/,/files/ENCFF942XRY/,/files/ENCFF171BSH/,/files/ENCFF041VYW/,/files/ENCFF604PHG/,/files/ENCFF712HMU/,/files/ENCFF338YUV/,/files/ENCFF692NCP/,/files/ENCFF365QYF/,/files/ENCFF944RTB/,/files/ENCFF028GNB/,/files/ENCFF235BOP/,/files/ENCFF098SEL/,/files/ENCFF868KZX/,/files/ENCFF020ZRE/,/files/ENCFF699QAQ/,/files/ENCFF557BZV/,/files/ENCFF849WPQ/,/files/ENCFF732PJK/,/files/ENCFF865URJ/,/files/ENCFF048BLB/,/files/ENCFF410JFY/,/files/ENCFF549DKP/	/experiment-series/ENCSR072AZF/	ENCBS645YGY,ENCBS270KOG	1,2	1	ENCAB000ARB	Homo sapiens	child	15 years												/replicates/27660312-426c-43b4-915a-88e9d34bc0a6/,/replicates/5c3b298a-60a2-4afb-9cef-be1d8606d050/				
/experiments/ENCSR282ZLP/	ENCSR282ZLP	ChIP-seq	TF ChIP-seq	cell line	/targets/JUND-human/	JUND	JUND	Homo sapiens HepG2 genetically modified (insertion) using CRISPR targeting H. sapiens JUND	HepG2	GEO:GSE230951	ChIP-Seq on HepG2	Richard Myers, HAIB	ENCODE	released	/files/ENCFF490OWX/,/files/ENCFF710CIU/,/files/ENCFF177CAX/,/files/ENCFF858IZV/,/files/ENCFF351WFR/,/files/ENCFF662KJW/,/files/ENCFF921YOY/,/files/ENCFF742HON/,/files/ENCFF363OFJ/,/files/ENCFF595XOL/,/files/ENCFF574DLO/,/files/ENCFF538ASI/,/files/ENCFF605RIB/,/files/ENCFF363YHY/,/files/ENCFF689TTF/,/files/ENCFF448MMC/,/files/ENCFF045ORD/,/files/ENCFF128XSA/,/files/ENCFF816JWH/,/files/ENCFF380TRF/,/files/ENCFF383BYS/,/files/ENCFF610THO/,/files/ENCFF892VNS/,/files/ENCFF432YUM/		ENCBS325GPO,ENCBS803JSA	2,1	1	ENCAB697XQW	Homo sapiens	child	15 years										/organisms/human/		/replicates/17131604-ffc9-4fe5-98e2-507166b90c37/,/replicates/9b3ec5a8-144c-4ac1-a2ce-d9ac2a52840e/				
/experiments/ENCSR865RXA/	ENCSR865RXA	ChIP-seq	TF ChIP-seq	cell line	/targets/FOXA1-human/	FOXA1	FOXA1	Homo sapiens HepG2 genetically modified (insertion) using CRISPR targeting H. sapiens FOXA1	HepG2	GEO:GSE170359	ChIP-Seq on HepG2	Richard Myers, HAIB	ENCODE	released	/files/ENCFF128UUS/,/files/ENCFF015SPJ/,/files/ENCFF940RNK/,/files/ENCFF943NCT/,/files/ENCFF519MJU/,/files/ENCFF235PEX/,/files/ENCFF287TBB/,/files/ENCFF280BKL/,/files/ENCFF759VRA/,/files/ENCFF741SFG/,/files/ENCFF092INE/,/files/ENCFF639EZN/,/files/ENCFF980FBK/,/files/ENCFF658EER/,/files/ENCFF747YHA/,/files/ENCFF209UGA/,/files/ENCFF671BAK/,/files/ENCFF742AMZ/,/files/ENCFF594NSY/,/files/ENCFF472SVW/,/files/ENCFF081USG/,/files/ENCFF226AZQ/,/files/ENCFF896YIB/,/files/ENCFF361KNY/		ENCBS835WUS,ENCBS601JVN	1,2	1	ENCAB697XQW	Homo sapiens	child	15 years										/organisms/human/		/replicates/6c3e4420-b8af-43cb-8947-aaf0d74e9d75/,/replicates/f6f7768f-045c-40f2-9ce0-c400c8bf44a9/				
/experiments/ENCSR267DFA/	ENCSR267DFA	ChIP-seq	TF ChIP-seq	cell line	/targets/FOXA1-human/	FOXA1	FOXA1	Homo sapiens HepG2	HepG2	FactorBook:ENCSR267DFA,GEO:GSE91618	FOXA1 ChIP-seq on human HepG2	Michael Snyder, Stanford	ENCODE	released	/files/ENCFF230PMN/,/files/ENCFF713NFU/,/files/ENCFF323EKY/,/files/ENCFF283OAI/,/files/ENCFF546MGM/,/files/ENCFF806EBY/,/files/ENCFF290PNU/,/files/ENCFF540FMP/,/files/ENCFF395CCW/,/files/ENCFF644LDA/,/files/ENCFF927DCI/,/files/ENCFF549YDX/,/files/ENCFF432MIZ/,/files/ENCFF775MML/,/files/ENCFF538TSR/,/files/ENCFF675TLS/,/files/ENCFF094QYE/,/files/ENCFF082AFF/,/files/ENCFF590AAM/,/files/ENCFF923YCX/,/files/ENCFF400BJI/,/files/ENCFF324OAJ/,/files/ENCFF199BNK/,/files/ENCFF957EHN/,/files/ENCFF038LHD/,/files/ENCFF890ZPI/,/files/ENCFF396NXZ/,/files/ENCFF988UCQ/,/files/ENCFF247FTP/,/files/ENCFF429DDW/,/files/ENCFF993CWG/,/files/ENCFF617FIK/,/files/ENCFF210VRU/,/files/ENCFF795JUV/,/files/ENCFF145NCM/,/files/ENCFF895VEE/,/files/ENCFF100BUM/,/files/ENCFF165KEI/,/files/ENCFF507VLN/,/files/ENCFF806FUC/,/files/ENCFF726EVV/,/files/ENCFF594RPH/,/files/ENCFF367TQC/,/files/ENCFF609TKP/,/files/ENCFF209BDD/,/files/ENCFF600IFL/,/files/ENCFF991FPA/,/files/ENCFF230ODZ/,/files/ENCFF341BUL/,/files/ENCFF137JYB/,/files/ENCFF075QMH/,/files/ENCFF176PUV/,/files/ENCFF027PYS/,/files/ENCFF544LLR/,/files/ENCFF642LBY/,/files/ENCFF452KZJ/,/files/ENCFF310FVR/,/files/ENCFF011QFM/,/files/ENCFF766PJJ/,/files/ENCFF864FUN/,/files/ENCFF466KPU/,/files/ENCFF686WLJ/,/files/ENCFF271PCW/,/files/ENCFF174LWS/,/files/ENCFF250ISH/,/files/ENCFF287FOL/	/experiment-series/ENCSR966JDR/	ENCBS767MPH,ENCBS803ZJJ	1,2	1	ENCAB301QLE	Homo sapiens	child	15 years												/replicates/b28f3aea-c0b8-4422-bc98-f63636927185/,/replicates/a1045fda-a917-4081-ac9b-1316a6937227/				
/experiments/ENCSR498TWD/	ENCSR498TWD	ChIP-seq	TF ChIP-seq	cell line	/targets/MAF1-human/	MAF1	MAF1	Homo sapiens HepG2 genetically modified (insertion) using CRISPR targeting H. sapiens MAF1	HepG2	GEO:GSE170330	ChIP-Seq on HepG2	Richard Myers, HAIB	ENCODE	released	/files/ENCFF613ZQM/,/files/ENCFF421TFR/,/files/ENCFF196TFW/,/files/ENCFF648MZJ/,/files/ENCFF209GAN/,/files/ENCFF478KQQ/,/files/ENCFF048DNZ/,/files/ENCFF492GUO/,/files/ENCFF074UQI/,/files/ENCFF782LRS/,/files/ENCFF579MBB/,/files/ENCFF201XPX/,/files/ENCFF904MPE/,/files/ENCFF738NCQ/,/files/ENCFF545CDZ/,/files/ENCFF126AIE/,/files/ENCFF799HSA/,/files/ENCFF102WMS/,/files/ENCFF796ATE/,/files/ENCFF976LBY/,/files/ENCFF925PQA/,/files/ENCFF046MEU/,/files/ENCFF597YHC/,/files/ENCFF118GZJ/		ENCBS613AFR,ENCBS126ZDL	1,2	1	ENCAB697XQW	Homo sapiens	child	15 years										/organisms/human/		/replicates/2e2a60ad-3b1f-49c3-848e-987bd06895aa/,/replicates/cc58e741-c65e-4202-aeb7-f06e4f4e5caf/				
/experiments/ENCSR112ALD/	ENCSR112ALD	ChIP-seq	TF ChIP-seq	cell line	/targets/CREB1-human/	CREB1	CREB1	Homo sapiens HepG2	HepG2	FactorBook:ENCSR112ALD,GEO:GSE127408	CREB1 ChIP-seq on human HepG2	Michael Snyder, Stanford	ENCODE	released	/files/ENCFF149OFF/,/files/ENCFF199RYE/,/files/ENCFF239CYG/,/files/ENCFF752JVQ/,/files/ENCFF319GEZ/,/files/ENCFF011HOS/,/files/ENCFF724TAT/,/files/ENCFF600AOU/,/files/ENCFF511CNY/,/files/ENCFF384KWM/,/files/ENCFF062EUT/,/files/ENCFF124LWU/,/files/ENCFF320SCI/,/files/ENCFF267XER/,/files/ENCFF853TTW/,/files/ENCFF826PKU/,/files/ENCFF642YGX/,/files/ENCFF751SAZ/,/files/ENCFF732KKY/,/files/ENCFF130QTI/,/files/ENCFF759XLA/,/files/ENCFF414DXJ/,/files/ENCFF740YDK/,/files/ENCFF727DNJ/,/files/ENCFF239JWR/,/files/ENCFF835UPN/,/files/ENCFF261UKU/,/files/ENCFF304FKQ/,/files/ENCFF228LSW/,/files/ENCFF708DXF/,/files/ENCFF223OPP/,/files/ENCFF161PGD/,/files/ENCFF829GZL/,/files/ENCFF632NSS/,/files/ENCFF644LDW/,/files/ENCFF349LDQ/,/files/ENCFF350CSQ/,/files/ENCFF365ROK/,/files/ENCFF907ARJ/,/files/ENCFF550TXR/,/files/ENCFF249YKO/,/files/ENCFF408ICU/,/files/ENCFF245XUI/,/files/ENCFF624QRH/,/files/ENCFF175OEM/,/files/ENCFF286VUZ/,/files/ENCFF629RNF/,/files/ENCFF906EDB/,/files/ENCFF666RQK/,/files/ENCFF134VSS/,/files/ENCFF442APD/,/files/ENCFF348YSD/,/files/ENCFF828TRJ/,/files/ENCFF736SVK/,/files/ENCFF410YVI/,/files/ENCFF773EPS/,/files/ENCFF847AGG/,/files/ENCFF520ETY/,/files/ENCFF236YZF/,/files/ENCFF590IQB/,/files/ENCFF314KET/,/files/ENCFF171BBZ/,/files/ENCFF852AAQ/,/files/ENCFF220CLB/,/files/ENCFF792THT/,/files/ENCFF966SLF/	/experiment-series/ENCSR264DHM/	ENCBS577XCP,ENCBS337WJM	2,3	1	ENCAB279BHV	Homo sapiens	child	15 years												/replicates/7dbb4965-b450-484a-80f8-1f648226cd46/,/replicates/6b66c975-e203-4cf8-b8f6-c45a10462fec/				
/experiments/ENCSR000AOL/	ENCSR000AOL	ChIP-seq	Histone ChIP-seq	cell line	/targets/H3K27me3-human/	H3K27me3	HIST2H3A,HIST2H3D,HIST2H3C	Homo sapiens HepG2	HepG2	GEO:GSM733754,UCSC-ENCODE-hg19:wgEncodeEH001023	H3K27me3 ChIP-seq on human HepG2	Bradley Bernstein, Broad	ENCODE	released	/files/ENCFF000BFE/,/files/ENCFF000BFF/,/files/ENCFF000BFG/,/files/ENCFF000BFJ/,/files/ENCFF000BFR/,/files/ENCFF000BFU/,/files/ENCFF001SWL/,/files/ENCFF786ANA/,/files/ENCFF785SBQ/,/files/ENCFF119UUF/,/files/ENCFF767KYD/,/files/ENCFF730WFM/,/files/ENCFF247LXA/,/files/ENCFF107ZNU/,/files/ENCFF687ZOM/,/files/ENCFF984QFG/,/files/ENCFF285VQZ/,/files/ENCFF168ENM/,/files/ENCFF967GXJ/,/files/ENCFF337XQQ/,/files/ENCFF320OVB/,/files/ENCFF441VXJ/,/files/ENCFF157QZY/,/files/ENCFF887SFW/,/files/ENCFF831AAB/,/files/ENCFF184POV/,/files/ENCFF401OUW/,/files/ENCFF598TWA/,/files/ENCFF426VYB/,/files/ENCFF843TGG/,/files/ENCFF736FUY/,/files/ENCFF560BZE/,/files/ENCFF320YFO/,/files/ENCFF106LPR/,/files/ENCFF762IUG/,/files/ENCFF298XER/,/files/ENCFF749UWE/,/files/ENCFF125JCR/,/files/ENCFF695IBM/,/files/ENCFF070XOU/,/files/ENCFF950VUB/,/files/ENCFF099LEI/,/files/ENCFF369TFH/,/files/ENCFF946KAR/,/files/ENCFF582USQ/,/files/ENCFF042EDV/,/files/ENCFF238HAU/,/files/ENCFF740NOD/,/files/ENCFF912DIC/,/files/ENCFF442CDU/,/files/ENCFF528YMD/,/files/ENCFF962CMS/,/files/ENCFF616PTR/,/files/ENCFF604PSZ/,/files/ENCFF914RTP/,/files/ENCFF257BOE/,/files/ENCFF893XHX/,/files/ENCFF053AZC/,/files/ENCFF616PHI/,/files/ENCFF772DTG/,/files/ENCFF830VOH/,/files/ENCFF080RXC/,/files/ENCFF828MLY/,/files/ENCFF312EAB/,/files/ENCFF707XXJ/,/files/ENCFF678KDC/,/files/ENCFF577NXX/,/files/ENCFF358LOY/,/files/ENCFF369DOB/,/files/ENCFF093BIB/,/files/ENCFF027OKJ/,/files/ENCFF366PON/,/files/ENCFF779EYV/,/files/ENCFF204EIX/,/files/ENCFF559ZXH/,/files/ENCFF854LXT/,/files/ENCFF069FSX/,/files/ENCFF942QHN/,/files/ENCFF210RIQ/,/files/ENCFF598WVP/,/files/ENCFF223WQG/,/files/ENCFF529HLC/,/files/ENCFF823EHL/,/files/ENCFF505LOU/,/files/ENCFF144MLI/,/files/ENCFF661HBI/,/files/ENCFF507KTT/,/files/ENCFF251ZSX/,/files/ENCFF371PRX/,/files/ENCFF034HAE/,/files/ENCFF535ULI/,/files/ENCFF902EGS/,/files/ENCFF853KUB/,/files/ENCFF957HCI/,/files/ENCFF426EOL/,/files/ENCFF230JIH/	/reference-epigenomes/ENCSR888GEN/,/reference-epigenomes/ENCSR134DWG/,/experiment-series/ENCSR716KFZ/	ENCBS295NFS,ENCBS743JKX,ENCBS828JKE	1,2,3	1,2	ENCAB000ANB,ENCAB000BLA	Homo sapiens	child	15 years												/replicates/5f6b6169-45dc-48a8-9c36-7f79ba34e147/,/replicates/198c5d8c-6747-4c5c-a74f-d858c4905112/,/replicates/7253fde2-ad32-42da-8aeb-698b6ad31e2e/,/replicates/5ca14a36-ca1c-4ef2-a6bd-e938e2d9379f/				
/experiments/ENCSR000AMB/	ENCSR000AMB	ChIP-seq	Histone ChIP-seq	cell line	/targets/H3K36me3-human/	H3K36me3	HIST2H3A,HIST2H3D,HIST2H3C	Homo sapiens HepG2	HepG2	GEO:GSM733685,UCSC-ENCODE-hg19:wgEncodeEH000081	H3K36me3 ChIP-seq on human HepG2	Bradley Bernstein, Broad	ENCODE	released	/files/ENCFF000BFL/,/files/ENCFF000BFM/,/files/ENCFF000BFN/,/files/ENCFF000BFO/,/files/ENCFF000BFT/,/files/ENCFF000BFZ/,/files/ENCFF001SWM/,/files/ENCFF669AKY/,/files/ENCFF603ESE/,/files/ENCFF893MXP/,/files/ENCFF094ABT/,/files/ENCFF363IOZ/,/files/ENCFF508EQJ/,/files/ENCFF830FLY/,/files/ENCFF923PMX/,/files/ENCFF160GKP/,/files/ENCFF937RPB/,/files/ENCFF036KGS/,/files/ENCFF358TDC/,/files/ENCFF350IAU/,/files/ENCFF959EKB/,/files/ENCFF407GRV/,/files/ENCFF587YTK/,/files/ENCFF662QOD/,/files/ENCFF371IXA/,/files/ENCFF370CEO/,/files/ENCFF475TMV/,/files/ENCFF037UAP/,/files/ENCFF757UMJ/,/files/ENCFF219MLX/,/files/ENCFF779NFJ/,/files/ENCFF438DQG/,/files/ENCFF256YFF/,/files/ENCFF322BAB/,/files/ENCFF838ZBR/,/files/ENCFF550PXE/,/files/ENCFF479TOK/,/files/ENCFF342QJK/,/files/ENCFF188GGH/,/files/ENCFF462HBY/,/files/ENCFF664BUH/,/files/ENCFF461YLV/,/files/ENCFF765BDC/,/files/ENCFF991NFW/,/files/ENCFF869NUW/,/files/ENCFF962OGI/,/files/ENCFF522BKQ/,/files/ENCFF821TVZ/,/files/ENCFF722OKM/,/files/ENCFF956WWT/,/files/ENCFF829XFT/,/files/ENCFF177IQV/,/files/ENCFF309TXB/,/files/ENCFF194AIP/,/files/ENCFF167UED/,/files/ENCFF516BPU/,/files/ENCFF145XAZ/,/files/ENCFF227LWP/,/files/ENCFF563NTN/,/files/ENCFF328OLB/,/files/ENCFF414GNH/,/files/ENCFF296VZN/,/files/ENCFF932BJG/,/files/ENCFF586PUQ/,/files/ENCFF908BMO/,/files/ENCFF401IDR/,/files/ENCFF021TPV/,/files/ENCFF374AST/,/files/ENCFF129YEO/,/files/ENCFF970NCL/,/files/ENCFF094ZKB/,/files/ENCFF312QNK/,/files/ENCFF010AVQ/,/files/ENCFF692UUW/,/files/ENCFF150GCD/,/files/ENCFF981EWR/,/files/ENCFF943KAV/,/files/ENCFF211APO/,/files/ENCFF560XHX/,/files/ENCFF080RGC/,/files/ENCFF710ARR/,/files/ENCFF820EIS/,/files/ENCFF247LOP/,/files/ENCFF266LFY/,/files/ENCFF373WIU/,/files/ENCFF578XLN/,/files/ENCFF489ZNJ/,/files/ENCFF701RMG/,/files/ENCFF897EOS/,/files/ENCFF411SWH/,/files/ENCFF393CPZ/,/files/ENCFF275ZLO/,/files/ENCFF017UTN/,/files/ENCFF932COM/,/files/ENCFF032SAN/,/files/ENCFF539LXQ/	/reference-epigenomes/ENCSR134DWG/,/reference-epigenomes/ENCSR888GEN/,/experiment-series/ENCSR952HLO/	ENCBS743JKX,ENCBS295NFS,ENCBS828JKE	2,1,3	1,2	ENCAB000ADU	Homo sapiens	child	15 years												/replicates/0edb42dd-1d81-40e6-81c7-006b0ae1710d/,/replicates/3d3c20bf-7dde-400c-9b76-6f3099101a6f/,/replicates/794e0f37-c149-4a54-a30f-1fe48a6597cd/,/replicates/8d53b8d1-44e9-4e6d-9e1d-f9863fdb0c20/				
/experiments/ENCSR000AMO/	ENCSR000AMO	ChIP-seq	Histone ChIP-seq	cell line	/targets/H3K27ac-human/	H3K27ac	HIST2H3A,HIST2H3D,HIST2H3C	Homo sapiens HepG2	HepG2	GEO:GSM733743,UCSC-ENCODE-hg19:wgEncodeEH000094,SCREEN-GRCh38:HepG2	H3K27ac ChIP-seq on human HepG2	Bradley Bernstein, Broad	ENCODE	released	/files/ENCFF000BEZ/,/files/ENCFF000BFA/,/files/ENCFF000BFB/,/files/ENCFF000BFC/,/files/ENCFF000BFD/,/files/ENCFF000BFH/,/files/ENCFF001SWK/,/files/ENCFF370SKW/,/files/ENCFF268MFV/,/files/ENCFF153WDH/,/files/ENCFF012ADZ/,/files/ENCFF705KSU/,/files/ENCFF401PIF/,/files/ENCFF749VEQ/,/files/ENCFF259DOA/,/files/ENCFF172TJI/,/files/ENCFF025MPI/,/files/ENCFF449KNN/,/files/ENCFF805KGN/,/files/ENCFF686HFQ/,/files/ENCFF948FFL/,/files/ENCFF916HJK/,/files/ENCFF542IPN/,/files/ENCFF558QIW/,/files/ENCFF928HIT/,/files/ENCFF638JUP/,/files/ENCFF743FLS/,/files/ENCFF208LPX/,/files/ENCFF157TNQ/,/files/ENCFF276JAI/,/files/ENCFF031NQB/,/files/ENCFF797CWN/,/files/ENCFF807PMN/,/files/ENCFF631BJM/,/files/ENCFF825NBZ/,/files/ENCFF551PHF/,/files/ENCFF757QQG/,/files/ENCFF866RVV/,/files/ENCFF149IFW/,/files/ENCFF209IUQ/,/files/ENCFF279IEE/,/files/ENCFF652GOB/,/files/ENCFF784GPS/,/files/ENCFF942ZLP/,/files/ENCFF292DUT/,/files/ENCFF257GFL/,/files/ENCFF309IJM/,/files/ENCFF764VYK/,/files/ENCFF269PCI/,/files/ENCFF221KNM/,/files/ENCFF847MVG/,/files/ENCFF249EAD/,/files/ENCFF390FBW/,/files/ENCFF886SZT/,/files/ENCFF348RLL/,/files/ENCFF495QSO/,/files/ENCFF339MLY/,/files/ENCFF795ONN/,/files/ENCFF157AQL/,/files/ENCFF278LPJ/,/files/ENCFF351RXU/,/files/ENCFF468XCA/,/files/ENCFF584TPM/,/files/ENCFF160QKC/,/files/ENCFF705YRV/,/files/ENCFF435KVW/,/files/ENCFF515INE/,/files/ENCFF718PPI/,/files/ENCFF193TTD/,/files/ENCFF473WTU/,/files/ENCFF834LZS/,/files/ENCFF117UJP/,/files/ENCFF130TZW/,/files/ENCFF087XCQ/,/files/ENCFF383AXK/,/files/ENCFF179RTG/,/files/ENCFF490KFG/,/files/ENCFF862NDZ/,/files/ENCFF926NHE/,/files/ENCFF745JCH/,/files/ENCFF531UUM/,/files/ENCFF759SNY/,/files/ENCFF796ISF/,/files/ENCFF515WSE/,/files/ENCFF084DIM/,/files/ENCFF543ZKL/,/files/ENCFF022TZG/,/files/ENCFF319COI/,/files/ENCFF620EQD/,/files/ENCFF493VUL/,/files/ENCFF331LJV/,/files/ENCFF208CMJ/,/files/ENCFF392KDI/,/files/ENCFF976VOX/,/files/ENCFF580KMC/,/files/ENCFF776VRP/,/files/ENCFF419TBZ/,/files/ENCFF819LFS/,/files/ENCFF064PJH/,/files/ENCFF105AFG/,/files/ENCFF868VYL/,/files/ENCFF970GEP/	/reference-epigenomes/ENCSR888GEN/,/reference-epigenomes/ENCSR134DWG/	ENCBS295NFS,ENCBS743JKX,ENCBS467HWM	1,2,3	1,2	ENCAB000ANA,ENCAB101KHB	Homo sapiens	child	15 years												/replicates/4099b21c-f282-448d-b380-1cc1d399479f/,/replicates/746a110e-19c2-4c24-8dbf-f7a17b20493d/,/replicates/3718e26a-7617-4fc1-8b35-d5420f1421c9/,/replicates/a30d8ccc-1337-4f07-9733-86d49fdfce41/				
/experiments/ENCSR000APV/	ENCSR000APV	ChIP-seq	Histone ChIP-seq	cell line	/targets/H3K4me1-human/	H3K4me1	HIST2H3A,HIST2H3D,HIST2H3C	Homo sapiens HepG2	HepG2	GEO:GSM798321,UCSC-ENCODE-hg19:wgEncodeEH001749	ChIP-seq on human HepG2 H3K4me1	Bradley Bernstein, Broad	ENCODE	released	/files/ENCFF000BEM/,/files/ENCFF000BEN/,/files/ENCFF000BEO/,/files/ENCFF000BER/,/files/ENCFF000BEX/,/files/ENCFF000BEY/,/files/ENCFF001SWI/,/files/ENCFF846NQN/,/files/ENCFF532WUR/,/files/ENCFF790MFM/,/files/ENCFF401IDX/,/files/ENCFF241SVO/,/files/ENCFF995WXM/,/files/ENCFF372VZP/,/files/ENCFF256HMH/,/files/ENCFF592ESX/,/files/ENCFF795VCH/,/files/ENCFF517DYD/,/files/ENCFF073OAK/,/files/ENCFF067HZJ/,/files/ENCFF436IHQ/,/files/ENCFF637SSH/,/files/ENCFF145SWO/,/files/ENCFF061KOF/,/files/ENCFF860YAP/,/files/ENCFF900MSU/,/files/ENCFF428FAW/,/files/ENCFF921KCK/,/files/ENCFF396JMQ/,/files/ENCFF180SIX/,/files/ENCFF448KVF/,/files/ENCFF465WYM/,/files/ENCFF733OOK/,/files/ENCFF532AGT/,/files/ENCFF769HPX/,/files/ENCFF915OIW/,/files/ENCFF470RYT/,/files/ENCFF011GDY/,/files/ENCFF913OIZ/,/files/ENCFF448BVL/,/files/ENCFF944LSD/,/files/ENCFF688GSZ/,/files/ENCFF777WVA/,/files/ENCFF412ZOZ/,/files/ENCFF095ZHO/,/files/ENCFF058GCZ/,/files/ENCFF699BSB/,/files/ENCFF490LZC/,/files/ENCFF576YVM/,/files/ENCFF055DJG/,/files/ENCFF413EGR/,/files/ENCFF424GUI/,/files/ENCFF698CNF/,/files/ENCFF608DGU/,/files/ENCFF748FEE/,/files/ENCFF859XAC/,/files/ENCFF176CMB/,/files/ENCFF678ZFC/,/files/ENCFF522UFO/,/files/ENCFF432CLC/,/files/ENCFF939STH/,/files/ENCFF127FEU/,/files/ENCFF554XSR/,/files/ENCFF804MCV/	/reference-epigenomes/ENCSR888GEN/,/reference-epigenomes/ENCSR134DWG/	ENCBS743JKX,ENCBS295NFS	2,1	1	ENCAB000ADW	Homo sapiens	child	15 years												/replicates/0cd76dee-4cb8-4132-9489-800396f5ae4b/,/replicates/92a17526-8c29-4929-8a4d-204d89a7cf20/				
/experiments/ENCSR575RRX/	ENCSR575RRX	ChIP-seq	Histone ChIP-seq	cell line	/targets/H3K4me3-human/	H3K4me3	HIST2H3A,HIST2H3D,HIST2H3C	Homo sapiens HepG2	HepG2	GEO:GSE96248		Bradley Bernstein, Broad	ENCODE	released	/files/ENCFF084IJQ/,/files/ENCFF997BXV/,/files/ENCFF589PJM/,/files/ENCFF901NZE/,/files/ENCFF313EOB/,/files/ENCFF060PGB/,/files/ENCFF360OCU/,/files/ENCFF760ULL/,/files/ENCFF403ISE/,/files/ENCFF447EJD/,/files/ENCFF833HZR/,/files/ENCFF310TVB/,/files/ENCFF099QFI/,/files/ENCFF159CIN/,/files/ENCFF223UKR/,/files/ENCFF645ZUY/,/files/ENCFF992REP/,/files/ENCFF981CDI/,/files/ENCFF027GLT/,/files/ENCFF305XNN/,/files/ENCFF969CGB/,/files/ENCFF102RNM/,/files/ENCFF719AKT/,/files/ENCFF556HVB/,/files/ENCFF185WOB/,/files/ENCFF579TVR/,/files/ENCFF359LQU/,/files/ENCFF701MBW/,/files/ENCFF159GNY/,/files/ENCFF040ANW/,/files/ENCFF956EFR/,/files/ENCFF842YPA/,/files/ENCFF581ALX/,/files/ENCFF805RJY/,/files/ENCFF877VGX/,/files/ENCFF736LHE/,/files/ENCFF229PGV/,/files/ENCFF966WMA/,/files/ENCFF898TKU/,/files/ENCFF762ZJA/,/files/ENCFF632WJV/,/files/ENCFF753BAK/,/files/ENCFF768BCL/,/files/ENCFF554PRV/,/files/ENCFF741UBT/,/files/ENCFF180KWD/,/files/ENCFF081DCT/,/files/ENCFF119QFY/,/files/ENCFF982DUT/,/files/ENCFF276NZQ/,/files/ENCFF144DCO/,/files/ENCFF311DQC/,/files/ENCFF441VCE/,/files/ENCFF500VAH/,/files/ENCFF334MYD/,/files/ENCFF831IPY/,/files/ENCFF362XVQ/,/files/ENCFF362INP/	/reference-epigenomes/ENCSR888GEN/,/experiment-series/ENCSR072AZF/	ENCBS957WYL,ENCBS295NFS	1,2	1	ENCAB582RSV	Homo sapiens	child	15 years												/replicates/5f3d0f55-c0ca-417d-9c11-7f37c0042f8e/,/replicates/fde49b7c-5a6a-4997-ac31-7860ab384d3b/				
/experiments/ENCSR000ATD/	ENCSR000ATD	ChIP-seq	Histone ChIP-seq	cell line	/targets/H3K9me3-human/	H3K9me3	HIST2H3A,HIST2H3D,HIST2H3C	Homo sapiens HepG2	HepG2	UCSC-ENCODE-hg19:wgEncodeEH003087,GEO:GSM1003519	ChIP-seq on human HepG2 H3K9me3	Bradley Bernstein, Broad	ENCODE	released	/files/ENCFF000BEU/,/files/ENCFF000BET/,/files/ENCFF000BEV/,/files/ENCFF000BEW/,/files/ENCFF000BFI/,/files/ENCFF000BFK/,/files/ENCFF001SWJ/,/files/ENCFF328URR/,/files/ENCFF743GMN/,/files/ENCFF312GOX/,/files/ENCFF749CFK/,/files/ENCFF195FFD/,/files/ENCFF693WQC/,/files/ENCFF562AOI/,/files/ENCFF905ZCO/,/files/ENCFF314AOX/,/files/ENCFF389EYI/,/files/ENCFF325OIG/,/files/ENCFF258LAU/,/files/ENCFF881LOL/,/files/ENCFF919UYC/,/files/ENCFF533JQH/,/files/ENCFF399VAZ/,/files/ENCFF306JTV/,/files/ENCFF893DLG/,/files/ENCFF338EDE/,/files/ENCFF473GXB/,/files/ENCFF037UTE/,/files/ENCFF048BSW/,/files/ENCFF753RIR/,/files/ENCFF553QWF/,/files/ENCFF390JLQ/,/files/ENCFF396YOB/,/files/ENCFF485BCI/,/files/ENCFF353MWR/,/files/ENCFF898ESC/,/files/ENCFF415JOH/,/files/ENCFF129KJX/,/files/ENCFF303EQX/,/files/ENCFF284AIG/,/files/ENCFF106ZRV/,/files/ENCFF506OQK/,/files/ENCFF504YVS/,/files/ENCFF997LPG/,/files/ENCFF870WXX/,/files/ENCFF184AFB/,/files/ENCFF828OFD/,/files/ENCFF044CBD/,/files/ENCFF125NHB/,/files/ENCFF170MMA/,/files/ENCFF150QBB/,/files/ENCFF024ABA/,/files/ENCFF745LNA/,/files/ENCFF297YYQ/,/files/ENCFF704TAQ/,/files/ENCFF066XFW/,/files/ENCFF658EOY/,/files/ENCFF290MPO/,/files/ENCFF733EHB/,/files/ENCFF754ROM/,/files/ENCFF297JZT/,/files/ENCFF372HCL/,/files/ENCFF170GMN/,/files/ENCFF777NHR/	/reference-epigenomes/ENCSR888GEN/,/reference-epigenomes/ENCSR134DWG/	ENCBS743JKX,ENCBS638AAA	2,1	1	ENCAB000ANX	Homo sapiens	child	15 years												/replicates/bece52fe-cf97-456a-8db3-907490a9ab68/,/replicates/b76f17a2-d4a2-4218-96a2-9247e5d0934a/				
/experiments/ENCSR000AMC/	ENCSR000AMC	ChIP-seq	Histone ChIP-seq	cell line	/targets/H3K4me2-human/	H3K4me2	HIST2H3A,HIST2H3D,HIST2H3C	Homo sapiens HepG2	HepG2	GEO:GSM733693,UCSC-ENCODE-hg19:wgEncodeEH000082	H3K4me2 ChIP-seq on human HepG2	Bradley Bernstein, Broad	ENCODE	released	/files/ENCFF000BFP/,/files/ENCFF000BFQ/,/files/ENCFF000BFS/,/files/ENCFF000BFV/,/files/ENCFF000BGA/,/files/ENCFF000BGD/,/files/ENCFF001SWN/,/files/ENCFF962EAU/,/files/ENCFF448LZC/,/files/ENCFF410DZX/,/files/ENCFF512NTM/,/files/ENCFF156EST/,/files/ENCFF550LKV/,/files/ENCFF018EID/,/files/ENCFF837GSJ/,/files/ENCFF682ZYK/,/files/ENCFF185YBZ/,/files/ENCFF708WJX/,/files/ENCFF513SWF/,/files/ENCFF055UPH/,/files/ENCFF769MUQ/,/files/ENCFF585SBQ/,/files/ENCFF575IQF/,/files/ENCFF323YZM/,/files/ENCFF465KSF/,/files/ENCFF301VNK/,/files/ENCFF255FVW/,/files/ENCFF066XPL/,/files/ENCFF483LMZ/,/files/ENCFF325FYW/,/files/ENCFF650ORE/,/files/ENCFF264QCV/,/files/ENCFF657BRL/,/files/ENCFF909NSP/,/files/ENCFF739KJL/,/files/ENCFF578OAA/,/files/ENCFF155ZYR/,/files/ENCFF960FMT/,/files/ENCFF464ANN/,/files/ENCFF510EEM/,/files/ENCFF948LWD/,/files/ENCFF943EIA/,/files/ENCFF465JBG/,/files/ENCFF117UQO/,/files/ENCFF663FNI/,/files/ENCFF109QAV/,/files/ENCFF057BKO/,/files/ENCFF725MEY/,/files/ENCFF276HXK/,/files/ENCFF210WWS/,/files/ENCFF862QQH/,/files/ENCFF884OTY/,/files/ENCFF272QYO/,/files/ENCFF535GTZ/,/files/ENCFF120NAV/,/files/ENCFF242BOY/,/files/ENCFF338BKR/,/files/ENCFF464BJU/,/files/ENCFF800GTZ/,/files/ENCFF193ZRX/,/files/ENCFF787AVI/,/files/ENCFF767KKA/,/files/ENCFF403MOY/,/files/ENCFF946FQI/	/reference-epigenomes/ENCSR134DWG/	ENCBS295NFS,ENCBS743JKX	1,2	1	ENCAB000ANF	Homo sapiens	child	15 years												/replicates/69910c83-53e3-4da0-9990-b9b78af66165/,/replicates/ed9c8c70-8e9a-47a6-b0fe-813c24f467f8/				
/experiments/ENCSR000EEM/	ENCSR000EEM	ChIP-seq	TF ChIP-seq	cell line	/targets/POLR2A-human/	POLR2A	POLR2A	Homo sapiens HepG2	HepG2	GEO:GSM935603,UCSC-ENCODE-hg19:wgEncodeEH001792	POLR2A ChIP-seq on human HepG2	Michael Snyder, Stanford	ENCODE	released	/files/ENCFF000XWC/,/files/ENCFF000XWD/,/files/ENCFF000XWE/,/files/ENCFF000XWH/,/files/ENCFF000XWJ/,/files/ENCFF000XWR/,/files/ENCFF001VKT/,/files/ENCFF002CUQ/,/files/ENCFF073UTQ/,/files/ENCFF220XSM/,/files/ENCFF467DEL/,/files/ENCFF807LWH/,/files/ENCFF377NEI/,/files/ENCFF630PEA/,/files/ENCFF467BQX/,/files/ENCFF460TYD/,/files/ENCFF425ETA/,/files/ENCFF494SKX/,/files/ENCFF425QWO/,/files/ENCFF634HFS/,/files/ENCFF354VWZ/,/files/ENCFF348OTM/,/files/ENCFF061DSI/,/files/ENCFF485FYL/,/files/ENCFF601INT/,/files/ENCFF911TID/,/files/ENCFF835GBL/,/files/ENCFF845YGC/,/files/ENCFF562WXP/,/files/ENCFF614QZS/,/files/ENCFF295ECJ/,/files/ENCFF761IJZ/,/files/ENCFF380NAX/,/files/ENCFF680DFO/,/files/ENCFF768XNF/,/files/ENCFF922RRD/,/files/ENCFF243XLH/,/files/ENCFF663LEV/,/files/ENCFF350RIU/	/experiment-series/ENCSR328TUT/,/reference-epigenomes/ENCSR888GEN/	ENCBS638AAA	2,1	1	ENCAB000AOC	Homo sapiens	child	15 years												/replicates/8d5dd195-d100-4745-8551-2aed010c44aa/,/replicates/7c035460-1e5b-4deb-a8d0-df2b493af5b1/				
/experiments/ENCSR708KAA/	ENCSR708KAA	ChIP-seq	TF ChIP-seq	cell line	/targets/MAFG-human/	MAFG	MAFG	Homo sapiens HepG2 genetically modified (insertion) using CRISPR targeting H. sapiens MAFG	HepG2	GEO:GSE169821	ChIP-Seq on HepG2	Richard Myers, HAIB	ENCODE	released	/files/ENCFF362CDC/,/files/ENCFF021SCJ/,/files/ENCFF944IDN/,/files/ENCFF884PUL/,/files/ENCFF136CAF/,/files/ENCFF865YCE/,/files/ENCFF969FUR/,/files/ENCFF582SHH/,/files/ENCFF895YRH/,/files/ENCFF783WKW/,/files/ENCFF767UVY/,/files/ENCFF832KXL/,/files/ENCFF681DZK/,/files/ENCFF861JNT/,/files/ENCFF580BFZ/,/files/ENCFF548AKR/,/files/ENCFF082AJU/,/files/ENCFF509XEH/,/files/ENCFF837FAF/,/files/ENCFF483FCL/,/files/ENCFF914NRR/,/files/ENCFF311PMU/,/files/ENCFF422NZT/,/files/ENCFF656MRW/		ENCBS269URK,ENCBS765IWO	1,2	1	ENCAB697XQW	Homo sapiens	child	15 years										/organisms/human/		/replicates/e6b92ad5-f7ba-46cb-8937-e17054859e9e/,/replicates/ca04d562-7a33-4b4a-a567-eaa8eab7ec55/				
